Address_ID,Bill_Address,Bill_city,Address_Email
401,No. 13 Ahanor Drive Ajao Estate  ,Oshodi/Isolo,kachi4844@gmail.com
402,No. 1 Ahanor Drive Ajao Estate,Oshodi/Isolo,Ifeyinwa899@gmail.com
403,No. 2 Ahanor Drive Ajao Estate,Oshodi/Isolo,Gideon788@yahoo.com
404,No. 3 Ahanor Drive Ajao Estate,Oshodi/Isolo,Kenneth344@gmail.com
405,No. 4 Ahanor Drive Ajao Estate,Oshodi/Isolo,Chukwudi234@yahoo.com
406,No. 5 Ahanor Drive Ajao Estate,Oshodi/Isolo,Otigba625@gmail.com
407,No. 6 Ahanor Drive Ajao Estate,Oshodi/Isolo,Chukwudine223@yahoo.com
408,No. 7 Ahanor Drive Ajao Estate,Oshodi/Isolo,Chudi178@gmail.com
409,No. 8 Ahanor Drive Ajao Estate,Oshodi/Isolo,Emeka796@yahoo.com
410,No. 9 Ahanor Drive Ajao Estate,Oshodi/Isolo,Lawrence745@gmail.com
411,No. 10 Ahanor Drive Ajao Estate,Oshodi/Isolo,Ikenyirimba812@gmail.com
412,No. 11 Ahanor Drive Ajao Estate,Oshodi/Isolo,Lawren123@yahoo.com
413,No. 12 Ahanor Drive Ajao Estate,Oshodi/Isolo,Ozobodo546@gmail.com
414,No. 1 Gani Dabiri Street,Oshodi/Isolo,Edoro147@yahoo.com
415,No. 3 Gani Dabiri Street,Oshodi/Isolo,Chukwuka125@gmail.com
416,No. 4 Gani Dabiri Street,Oshodi/Isolo,Gani456@yahoo.com
417,No. 6 Gani Dabiri Street,Oshodi/Isolo,Chibuzor164@gmail.com
418,No. 7 Gani Dabiri Street,Oshodi/Isolo,Alade385@yahoo.com
419,No. 8 Gani Dabiri Street,Oshodi/Isolo,Barrister623@gmail.com
420,No. 10 Gani Dabiri Street,Oshodi/Isolo,Abu536@gmail.com
421,No. 12 Gani Dabiri Street,Oshodi/Isolo,Cyril119@yahoo.com
422,No. 14 Gani Dabiri Street,Oshodi/Isolo,Ibiam579@gmail.com
423,No. 17 Gani Dabiri Street,Oshodi/Isolo,Muyideen246@yahoo.com
424,No. 1 Inno Nwosu Street,Oshodi/Isolo,Credo131@gmail.com
425,No. 2 Inno Nwosu Street,Oshodi/Isolo,David946@yahoo.com
426,No. 3 Inno Nwosu Street,Oshodi/Isolo,Anderson132@gmail.com
427,No. 4 Inno Nwosu Street,Oshodi/Isolo,Coker118@yahoo.com
428,No. 5 Inno Nwosu Street,Oshodi/Isolo,ChudyOtigba389@gmail.com
429,No. 1 Chukwudi Otigba Street,Oshodi/Isolo,Joseph345@yahoo.com
430,No. 3 Chukwudi Otigba Street,Oshodi/Isolo,Mege682@gmail.com
431,No. 2 Chukwudi Otigba Street,Oshodi/Isolo,Dami890@yahoo.com
432,No. 5 Chukwudi Otigba Street,Oshodi/Isolo,Beloved452@gmail.com
433,No. 7 Chukwudi Otigba Street,Oshodi/Isolo,DupeAbolarinwa123@yahoo.com
434,No. 6 Chukwudi Otigba Street,Oshodi/Isolo,IkeLawerence564@gmail.com
435,No. 2 Victoria Akinyele CDA Street,Oshodi/Isolo,KayodeAjibade753@yahoo.com
436,No. 4 Victoria Akinyele CDA Street,Oshodi/Isolo,MurariPol951@gmail.com
437,No. 6 Victoria Akinyele CDA Street,Oshodi/Isolo,Tutor978@yahoo.com
438,No. 8 Victoria Akinyele CDA Street,Oshodi/Isolo,Ikemdinachi621@gmail.com
439,No 10 Victoria Akinyele CDA Street,Oshodi/Isolo,Fintech774@yahoo.com
